recode	state_id	state_label	state_members	amino_acid	aa_codon_indices	aa_codons	state_codon_indices	state_codons
kgbauto6	1	AGPST	A,G,P,S,T	A	36,37,38,39	GCA,GCC,GCG,GCT	4,5,6,7,9,11,20,21,22,23,36,37,38,39,40,41,42,43,50,51,52,53	ACA,ACC,ACG,ACT,AGC,AGT,CCA,CCC,CCG,CCT,GCA,GCC,GCG,GCT,GGA,GGC,GGG,GGT,TCA,TCC,TCG,TCT
kgbauto6	2	CFY	C,F,Y	C	54,56	TGC,TGT	48,49,54,56,58,60	TAC,TAT,TGC,TGT,TTC,TTT
kgbauto6	3	DE	D,E	D	33,35	GAC,GAT	32,33,34,35	GAA,GAC,GAG,GAT
kgbauto6	3	DE	D,E	E	32,34	GAA,GAG	32,33,34,35	GAA,GAC,GAG,GAT
kgbauto6	2	CFY	C,F,Y	F	58,60	TTC,TTT	48,49,54,56,58,60	TAC,TAT,TGC,TGT,TTC,TTT
kgbauto6	1	AGPST	A,G,P,S,T	G	40,41,42,43	GGA,GGC,GGG,GGT	4,5,6,7,9,11,20,21,22,23,36,37,38,39,40,41,42,43,50,51,52,53	ACA,ACC,ACG,ACT,AGC,AGT,CCA,CCC,CCG,CCT,GCA,GCC,GCG,GCT,GGA,GGC,GGG,GGT,TCA,TCC,TCG,TCT
kgbauto6	4	HN	H,N	H	17,19	CAC,CAT	1,3,17,19	AAC,AAT,CAC,CAT
kgbauto6	5	ILMV	I,L,M,V	I	12,13,15	ATA,ATC,ATT	12,13,14,15,28,29,30,31,44,45,46,47,57,59	ATA,ATC,ATG,ATT,CTA,CTC,CTG,CTT,GTA,GTC,GTG,GTT,TTA,TTG
kgbauto6	6	KQRW	K,Q,R,W	K	0,2	AAA,AAG	0,2,8,10,16,18,24,25,26,27,55	AAA,AAG,AGA,AGG,CAA,CAG,CGA,CGC,CGG,CGT,TGG
kgbauto6	5	ILMV	I,L,M,V	L	28,29,30,31,57,59	CTA,CTC,CTG,CTT,TTA,TTG	12,13,14,15,28,29,30,31,44,45,46,47,57,59	ATA,ATC,ATG,ATT,CTA,CTC,CTG,CTT,GTA,GTC,GTG,GTT,TTA,TTG
kgbauto6	5	ILMV	I,L,M,V	M	14	ATG	12,13,14,15,28,29,30,31,44,45,46,47,57,59	ATA,ATC,ATG,ATT,CTA,CTC,CTG,CTT,GTA,GTC,GTG,GTT,TTA,TTG
kgbauto6	4	HN	H,N	N	1,3	AAC,AAT	1,3,17,19	AAC,AAT,CAC,CAT
kgbauto6	1	AGPST	A,G,P,S,T	P	20,21,22,23	CCA,CCC,CCG,CCT	4,5,6,7,9,11,20,21,22,23,36,37,38,39,40,41,42,43,50,51,52,53	ACA,ACC,ACG,ACT,AGC,AGT,CCA,CCC,CCG,CCT,GCA,GCC,GCG,GCT,GGA,GGC,GGG,GGT,TCA,TCC,TCG,TCT
kgbauto6	6	KQRW	K,Q,R,W	Q	16,18	CAA,CAG	0,2,8,10,16,18,24,25,26,27,55	AAA,AAG,AGA,AGG,CAA,CAG,CGA,CGC,CGG,CGT,TGG
kgbauto6	6	KQRW	K,Q,R,W	R	8,10,24,25,26,27	AGA,AGG,CGA,CGC,CGG,CGT	0,2,8,10,16,18,24,25,26,27,55	AAA,AAG,AGA,AGG,CAA,CAG,CGA,CGC,CGG,CGT,TGG
kgbauto6	1	AGPST	A,G,P,S,T	S	9,11,50,51,52,53	AGC,AGT,TCA,TCC,TCG,TCT	4,5,6,7,9,11,20,21,22,23,36,37,38,39,40,41,42,43,50,51,52,53	ACA,ACC,ACG,ACT,AGC,AGT,CCA,CCC,CCG,CCT,GCA,GCC,GCG,GCT,GGA,GGC,GGG,GGT,TCA,TCC,TCG,TCT
kgbauto6	1	AGPST	A,G,P,S,T	T	4,5,6,7	ACA,ACC,ACG,ACT	4,5,6,7,9,11,20,21,22,23,36,37,38,39,40,41,42,43,50,51,52,53	ACA,ACC,ACG,ACT,AGC,AGT,CCA,CCC,CCG,CCT,GCA,GCC,GCG,GCT,GGA,GGC,GGG,GGT,TCA,TCC,TCG,TCT
kgbauto6	5	ILMV	I,L,M,V	V	44,45,46,47	GTA,GTC,GTG,GTT	12,13,14,15,28,29,30,31,44,45,46,47,57,59	ATA,ATC,ATG,ATT,CTA,CTC,CTG,CTT,GTA,GTC,GTG,GTT,TTA,TTG
kgbauto6	6	KQRW	K,Q,R,W	W	55	TGG	0,2,8,10,16,18,24,25,26,27,55	AAA,AAG,AGA,AGG,CAA,CAG,CGA,CGC,CGG,CGT,TGG
kgbauto6	2	CFY	C,F,Y	Y	48,49	TAC,TAT	48,49,54,56,58,60	TAC,TAT,TGC,TGT,TTC,TTT
